60340120	Common	Common	Common	Припасы Федерации: Настой ноктиния (off)			
8400015	Common	Common	Common	Настой ноктиния (off)			
8400060	Common	Common	Common	Исключительный настой ноктиния (off)			
8400080	Common	Common	Common	Настой ноктиния альянса (off)			
8400100	Common	Common	Common	Настой ноктиния из сокровищницы (off)			
8400120	Common	Common	Common	Припасы Федерации: Настой ноктиния (off)			
